{"info":{"_postman_id":"aac6fc61-880f-43e6-b26f-b8842696d59b","name":"Order Collection","schema":"https://schema.getpostman.com/json/collection/v2.1.0/collection.json"},"item":[{"name":"Create order","id":"6619ee75-e6f5-42fb-9f24-8992d4794bcc","protocolProfileBehavior":{"disableBodyPruning":true},"request":{"method":"POST","header":[{"key":"Content-Type","value":"application/json","type":"text","disabled":true},{"key":"Accept","value":"application/json","type":"text","disabled":true}],"url":{"raw":"http://localhost:8080/api/createOrder","protocol":"http","host":["localhost"],"port":"8080","path":["api","createOrder"]}},"response":[]},{"name":"Set order status","id":"42e16f9b-ef46-451b-9811-236d3752e469","protocolProfileBehavior":{"disableBodyPruning":true},"request":{"method":"PUT","header":[{"key":"Content-Type","value":"application/json","type":"text","disabled":true},{"key":"Accept","value":"application/json","type":"text","disabled":true}],"body":{"mode":"raw","raw":"{\r\n  \"id\": 1,\r\n  \"status\": \"packaging\"\r\n}","options":{"raw":{"language":"json"}}},"url":{"raw":"http://localhost:8080/api/setOrderStatus","protocol":"http","host":["localhost"],"port":"8080","path":["api","setOrderStatus"]}},"response":[]},{"name":"Get all orders","id":"c2d8cb66-2213-48b3-a3dd-d29fb05c0f81","protocolProfileBehavior":{"disableBodyPruning":true},"request":{"method":"GET","header":[{"key":"Content-Type","value":"application/json","type":"text","disabled":true},{"key":"Accept","value":"application/json","type":"text","disabled":true}],"url":{"raw":"http://localhost:8080/api/orders","protocol":"http","host":["localhost"],"port":"8080","path":["api","orders"]}},"response":[]}]}