{"info":{"_postman_id":"1d87456c-ef54-40cd-a2c0-101ce25a2194","name":"ShoppingCard Collection","schema":"https://schema.getpostman.com/json/collection/v2.1.0/collection.json"},"item":[{"name":"Add Item to ShoppingCart","id":"e7d83912-242b-45bd-a3d0-4678e059a298","protocolProfileBehavior":{"disableBodyPruning":true},"request":{"method":"PUT","header":[{"key":"Content-Type","value":"application/json","type":"text","disabled":true},{"key":"Accept","value":"application/json","type":"text","disabled":true}],"url":{"raw":"http://localhost:8080/api/shoppingCart/addItem/1/3","protocol":"http","host":["localhost"],"port":"8080","path":["api","shoppingCart","addItem","1","3"]}},"response":[]},{"name":"Get shoppingCart by CartId","id":"3a39c254-e48f-4fc3-801e-1395b02c02e9","protocolProfileBehavior":{"disableBodyPruning":true},"request":{"method":"GET","header":[],"url":{"raw":"http://localhost:8080/api/shoppingCart/1","protocol":"http","host":["localhost"],"port":"8080","path":["api","shoppingCart","1"]}},"response":[]},{"name":"Get all shoppingCarts","id":"6575a09e-56ca-45c9-9ec1-c7a3bda6af30","protocolProfileBehavior":{"disableBodyPruning":true},"request":{"method":"GET","header":[],"url":{"raw":"http://localhost:8080/api/shoppingCart","protocol":"http","host":["localhost"],"port":"8080","path":["api","shoppingCart"]}},"response":[]},{"name":"Delete ShoppingCart","id":"8f206000-4c6a-4e5a-adbc-c13856f62ad8","protocolProfileBehavior":{"disableBodyPruning":true},"request":{"method":"DELETE","header":[],"url":{"raw":"http://localhost:8080/api/shoppingCart","protocol":"http","host":["localhost"],"port":"8080","path":["api","shoppingCart"]}},"response":[]},{"name":"Delete Item from shopping cart","id":"4f593cf7-91a0-4e7e-8dba-b7347f2ff4bc","protocolProfileBehavior":{"disableBodyPruning":true},"request":{"method":"DELETE","header":[],"url":{"raw":"http://localhost:8080/api/shoppingCart/deleteItem/1","protocol":"http","host":["localhost"],"port":"8080","path":["api","shoppingCart","deleteItem","1"]}},"response":[]},{"name":"Delete few Items from shopping cart","id":"46ebc092-ff39-44a4-a830-4dde30b68d7a","protocolProfileBehavior":{"disableBodyPruning":true},"request":{"method":"DELETE","header":[],"url":{"raw":"http://localhost:8080/api/shoppingCart/deleteItem/2/5","protocol":"http","host":["localhost"],"port":"8080","path":["api","shoppingCart","deleteItem","2","5"]}},"response":[]}]}