{"info":{"_postman_id":"56e7f096-016e-476e-ba84-4f13080e2521","name":"Employee","schema":"https://schema.getpostman.com/json/collection/v2.1.0/collection.json"},"item":[{"name":"Get list of employees","id":"a14642ea-b740-48e3-afe3-6d739375313c","protocolProfileBehavior":{"disableBodyPruning":true},"request":{"method":"GET","header":[],"url":{"raw":"http://localhost:8080/api/employees","protocol":"http","host":["localhost"],"port":"8080","path":["api","employees"]}},"response":[]},{"name":"Find by Id","id":"deed0b83-fe4d-4136-881d-ff17f04317e1","protocolProfileBehavior":{"disableBodyPruning":true},"request":{"method":"GET","header":[],"body":{"mode":"raw","raw":"{\r\n    \"id\": 1\r\n}","options":{"raw":{"language":"json"}}},"url":{"raw":"http://localhost:8080/api/employees/findById","protocol":"http","host":["localhost"],"port":"8080","path":["api","employees","findById"]}},"response":[]}]}