{"info":{"_postman_id":"5c7c1237-1a06-458e-9614-a167051c8ca2","name":"Client collection","schema":"https://schema.getpostman.com/json/collection/v2.1.0/collection.json"},"item":[{"name":"Add new client (account) or update client details","id":"3eabf5df-e261-46bb-87a3-d1a937e52623","protocolProfileBehavior":{"disableBodyPruning":true},"request":{"method":"POST","header":[],"body":{"mode":"raw","raw":"{\r\n    \"username\": \"JB\",\r\n    \"firstName\": \"Johny\",\r\n    \"lastName\": \"Blaze\",\r\n    \"email\": \"test@gmail.com\",\r\n    \"address\": \"Warszawa, minska 2\"\r\n}","options":{"raw":{"language":"json"}}},"url":{"raw":"http://localhost:8080/api/clients/new","protocol":"http","host":["localhost"],"port":"8080","path":["api","clients","new"]}},"response":[]},{"name":"Get clients","id":"681c9a10-eee1-4c8e-a946-2a4f9273013e","protocolProfileBehavior":{"disableBodyPruning":true},"request":{"method":"GET","header":[],"url":{"raw":"http://localhost:8080/api/clients","protocol":"http","host":["localhost"],"port":"8080","path":["api","clients"]}},"response":[]},{"name":"Update client details","id":"c9d7a49d-9fbf-41d0-8b7a-cacfc948f16b","protocolProfileBehavior":{"disableBodyPruning":true},"request":{"method":"PUT","header":[],"body":{"mode":"raw","raw":"{\r\n  \"firstName\": \"Nida2\",\r\n  \"lastName\": \"K\",\r\n  \"email\": \"example2@gmail.com\",\r\n  \"address\": \"Warszawa, piankowa 25\",\r\n  \"userName\": \"testunio\"\r\n}","options":{"raw":{"language":"json"}}},"url":{"raw":"http://localhost:8080/api/clients/update","protocol":"http","host":["localhost"],"port":"8080","path":["api","clients","update"]}},"response":[]}]}