{"info":{"_postman_id":"602c75da-a81a-4bf0-bdd3-6be4891e707f","name":"Product collection","schema":"https://schema.getpostman.com/json/collection/v2.1.0/collection.json"},"item":[{"name":"Add product","id":"1144d11f-e9da-4c6c-a5e6-be78696c7575","protocolProfileBehavior":{"disableBodyPruning":true},"request":{"method":"POST","header":[{"key":"Content-Type","value":"application/json","type":"text","disabled":true},{"key":"Accept","value":"application/json","type":"text","disabled":true}],"body":{"mode":"raw","raw":"{\r\n    \"name\": \"Zaupka juseppe\",\r\n    \"description\":\"Bardzo pyszna zupka\",\r\n    \"inStock\": 5,\r\n    \"price\": 2.20\r\n}\r\n","options":{"raw":{"language":"json"}}},"url":{"raw":"http://localhost:8080/api/product","protocol":"http","host":["localhost"],"port":"8080","path":["api","product"]}},"response":[]},{"name":"Update product description by name","id":"cef8928f-eeef-482c-8f41-549825ca1d78","protocolProfileBehavior":{"disableBodyPruning":true},"request":{"method":"PUT","header":[],"body":{"mode":"raw","raw":"{\r\n  \"name\": \"Pomidor\",\r\n  \"description\": \"Mmmm, ale jaki pyszny\"\r\n}","options":{"raw":{"language":"json"}}},"url":{"raw":"http://localhost:8080/api/product","protocol":"http","host":["localhost"],"port":"8080","path":["api","product"]}},"response":[]},{"name":"List products","id":"20ccf57b-446a-4bb5-ab94-279f7e480459","protocolProfileBehavior":{"disableBodyPruning":true},"request":{"method":"GET","header":[],"url":{"raw":"http://localhost:8080/api/product","protocol":"http","host":["localhost"],"port":"8080","path":["api","product"]}},"response":[]},{"name":"Delete product by name","id":"04e5cf1a-2c05-4d38-8c1a-4809430df9cc","protocolProfileBehavior":{"disableBodyPruning":true},"request":{"method":"DELETE","header":[],"body":{"mode":"raw","raw":"{\r\n  \"name\": \"Pomidor\"\r\n}","options":{"raw":{"language":"json"}}},"url":{"raw":"http://localhost:8080/api/product","protocol":"http","host":["localhost"],"port":"8080","path":["api","product"]}},"response":[]},{"name":"Delete product by ID","id":"c3234636-0c1c-40b1-9c54-38c3be773f84","protocolProfileBehavior":{"disableBodyPruning":true},"request":{"method":"DELETE","header":[],"url":{"raw":"http://localhost:8080/api/product/1","protocol":"http","host":["localhost"],"port":"8080","path":["api","product","1"]}},"response":[]}]}