{"info":{"_postman_id":"adda425e-6564-423a-bbf1-a30690493272","name":"Reservation","schema":"https://schema.getpostman.com/json/collection/v2.1.0/collection.json"},"item":[{"name":"Get list of reservations","id":"b91a2d15-a829-4852-a0cf-c14317911f8d","protocolProfileBehavior":{"disableBodyPruning":true},"request":{"method":"GET","header":[],"url":{"raw":"http://localhost:8080/api/reservations","protocol":"http","host":["localhost"],"port":"8080","path":["api","reservations"]}},"response":[]},{"name":"Add new reservation","id":"34f29bb7-c8ac-427e-94d6-ea3077913cfe","protocolProfileBehavior":{"disableBodyPruning":true},"request":{"method":"POST","header":[],"body":{"mode":"raw","raw":"{\r\n    \"room_Id\": 1,\r\n    \"employee\":{\r\n        \"id\":1\r\n    },\r\n    \"room\":{\r\n        \"id\":1\r\n    },\r\n    \"reservationStart\": \"2024-02-05T08:25:43.511Z\",\r\n    \"reservationEnd\": \"2024-02-05T12:25:43.511Z\"\r\n}","options":{"raw":{"language":"json"}}},"url":{"raw":"http://localhost:8080/api/reservation/new","protocol":"http","host":["localhost"],"port":"8080","path":["api","reservation","new"]}},"response":[]},{"name":"Delete reservation","id":"d79a9425-fafa-4f44-848b-b5e8c1072126","protocolProfileBehavior":{"disableBodyPruning":true},"request":{"method":"DELETE","header":[],"body":{"mode":"raw","raw":"{\r\n    \"reservationId\": 1,\r\n    \"employeeId\": 1\r\n}","options":{"raw":{"language":"json"}}},"url":{"raw":"http://localhost:8080/api/reservation","protocol":"http","host":["localhost"],"port":"8080","path":["api","reservation"]}},"response":[]}]}